SET NAMES UTF8;
DROP DATABASE IF EXISTS aifou;
CREATE DATABASE aifou CHARSET=UTF8;
USE aifou;


-- index ------------------------------------------------------------------

/*首页头部*/
CREATE TABLE index_header
(
    hid INT PRIMARY KEY AUTO_INCREMENT,
    hname VARCHAR(6)
);
INSERT INTO index_header
VALUES(NULL,"手机"),
    (NULL,"平板"),
    (NULL,"笔记本"),
    (NULL,"精选配件");

/*首页导航图*/
CREATE TABLE index_recom_main
(
    iid INT PRIMARY KEY AUTO_INCREMENT,
    iimg VARCHAR(512),
    ititle VARCHAR(32),
    ihref VARCHAR(512)
);
INSERT INTO index_recom_main
VALUES(NULL,"picture/main/main1.png", NULL, "javascript:;"),
    (NULL,"picture/main/main2.png", NULL, "javascript:;"),
    (NULL,"picture/main/main3.png", NULL, "javascript:;"),
    (NULL,"picture/main/main4.png", NULL, "javascript:;"),
    (NULL,"picture/main/main5.png", NULL, "javascript:;");

/*首页为你推荐*/
CREATE TABLE index_decent_top
(
    did INT PRIMARY KEY AUTO_INCREMENT,
    dimg VARCHAR(512),
    dmodel VARCHAR(100),
    dprice DECIMAL(8,2),
    dbrands VARCHAR(16),
    dhref VARCHAR(512)
);
INSERT INTO index_decent_top
VALUES(NULL,"picture/decent1/i6s.png", "iPhone 6s", "1999.00", "Apple", "javascript:;"),
    (NULL,"picture/decent1/i6sp.png", "iPhone 6s Plus", "2649.00", "Apple", "javascript:;"),
    (NULL,"picture/decent1/i6s.png", "iPhone 6", "1449.00", "Apple", "javascript:;"),
    (NULL,"picture/decent1/i7.png", "iPhone 7", "3349.00", "Apple", "javascript:;"),
    (NULL,"picture/decent1/i7p.jpg", "iPhone 7 Plus", "3849.00", "Apple", "javascript:;"),
    (NULL,"picture/decent1/i6p.png", "iPhone 6 Plus", "1949.00", "Apple", "javascript:;"),
    (NULL,"picture/decent1/book2015.jpg", "MacBook Air(11"",Early 2015)", "3549.00", "Apple", "javascript:;"),
    (NULL,"picture/decent1/i5s.png", "iPhone 5s", "1099.00", "Apple", "javascript:;");

/*首页精品配件*/
CREATE TABLE index_decent_bottom
(
    did INT PRIMARY KEY AUTO_INCREMENT,
    dimg VARCHAR(512),
    dmodel VARCHAR(100),
    dprice DECIMAL(8,2),
    dbrands VARCHAR(16),
    dhref VARCHAR(512)
);
INSERT INTO index_decent_bottom
VALUES(NULL,"picture/decent2/a_earpods.png", "Apple EarPods 耳机", "78.00", "Apple", "javascript:;"),
    (NULL,"picture/decent2/p6_6s.png", "【爱否棒棒糖】iPhone 6/6s 纤薄磨砂保护壳", "24.90", "爱否FView", "javascript:;"),
    (NULL,"picture/decent2/p7p_8p.png", "【爱否棒棒糖】iPhone 7 Plus/8 Plus 纤薄磨砂保护壳", "24.90", "爱否FView", "javascript:;"),
    (NULL,"picture/decent2/p7_8.png", "【爱否棒棒糖】iPhone 7/8 纤薄靓黑保护壳", "29.90", "爱否FView", "javascript:;"),
    (NULL,"picture/decent2/p7_8_7p_8p.png", "【爱否棉花糖】iPhone 7/8/7 Plus/8 Plus 液态硅胶保护壳", "79.00", "爱否FView", "javascript:;"),
    (NULL,"picture/decent2/p6_6s_6p_6sp.png", "【爱否棉花糖】iPhone 6/6s/6 Plus/6s Plus 液态硅胶保护壳", "79.00", "爱否FView", "javascript:;"),
    (NULL,"picture/decent2/b7.png", "【爱否冰糖】iPhone 7 纯冷雕全屏钢化膜", "54.90", "爱否FView", "javascript:;"),
    (NULL,"picture/decent2/b7p.png", "【爱否冰糖】iPhone 7 Plus 纯冷雕全屏钢化膜", "54.90", "爱否FView", "javascript:;");

/*首页手机回收*/
CREATE TABLE index_recycle
(
    rid INT PRIMARY KEY AUTO_INCREMENT,
    rimg VARCHAR(512),
    rtitle VARCHAR(16),
    rhref VARCHAR(512)
);
INSERT INTO index_recycle
VALUES(NULL,"picture/recycle/recycle1.png",NULL,"huishou.html"),
    (NULL,"picture/recycle/recycle2.png",NULL,"huishou.html");

-- huishou ------------------------------------------------------------------

/*首页回收型号*/
CREATE TABLE huishou_product_type
(
    tid INT PRIMARY KEY AUTO_INCREMENT,
    timg VARCHAR(512),
    ttitle VARCHAR(8)
);
INSERT INTO huishou_product_type
VALUES(100,"picture/huishouType/phone.png","手机"),
    (200,"picture/huishouType/phablet.png","平板"),
    (300,"picture/huishouType/laptop.png","笔记本");

/*首页型号分类*/
CREATE TABLE huishou_product_title
(
    eid INT PRIMARY KEY AUTO_INCREMENT,
    ename VARCHAR(10),
    typeId INT,
    FOREIGN KEY(typeId) REFERENCES huishou_product_type(tid)
);
INSERT INTO huishou_product_title
VALUES(110,"Apple",100),
    (120,"三星",100),
    (130,"华为",100),
    (140,"小米",100),
    (150,"OPPO",100),
    (210,"Apple",200),
    (220,"小米",200),
    (310,"MacBook",300),
    (320,"小米",300);

/*首页分类商品*/
CREATE TABLE huishou_product_list
(
    lid INT PRIMARY KEY AUTO_INCREMENT,
    lname VARCHAR(32),
    limg VARCHAR(512),
    titleId INT,
    typeId INT,
    FOREIGN KEY(titleId) REFERENCES huishou_product_title(eid),
    FOREIGN KEY(typeId) REFERENCES huishou_product_type(tid)
);
INSERT INTO huishou_product_list
VALUES(NULL,"iPhone 8 Plus","picture/huishouList/100/I_8P.png",110,100),
    (NULL,"iPhone 8","picture/huishouList/100/I_8.png",110,100),
    (NULL,"iPhone 7 Plus","picture/huishouList/100/I_7P.jpg",110,100),
    (NULL,"iPhone 7","picture/huishouList/100/I_7.png",110,100),
    (NULL,"iPhone SE","picture/huishouList/100/ISE.jpg",110,100),
    (NULL,"iPhone 6s Plus","picture/huishouList/100/I_6SP.png",110,100),
    (NULL,"iPhone 6s","picture/huishouList/100/I_6S.png",110,100),
    (NULL,"iPhone 6 Plus","picture/huishouList/100/I_6P.png",110,100),
    (NULL,"iPhone 6","picture/huishouList/100/I_6.png",110,100),
    (NULL,"iPhone 5s","picture/huishouList/100/I_5S.png",110,100),
    (NULL,"Galaxy S8+","picture/huishouList/100/G_S8+.png",120,100),
    (NULL,"Galaxy S8","picture/huishouList/100/G_S8.png",120,100),
    (NULL,"Galaxy Note5","picture/huishouList/100/G_N5.png",120,100),
    (NULL,"Galaxy Note4","picture/huishouList/100/G_N4.png",120,100),
    (NULL,"Galaxy S7 Edge","picture/huishouList/100/G_S7E.jpg",120,100),
    (NULL,"Galaxy S7","picture/huishouList/100/G_S7.jpg",120,100),
    (NULL,"Galaxy S6 Edge+","picture/huishouList/100/G_S6E+.jpg",120,100),
    (NULL,"Galaxy S6 Edge","picture/huishouList/100/G_S6E.jpg",120,100),
    (NULL,"Galaxy S6","picture/huishouList/100/G_S6.jpg",120,100),
    (NULL,"Mate 8","picture/huishouList/100/M_8.jpg",130,100),
    (NULL,"小米 Note2","picture/huishouList/100/MI_N2.png",140,100),
    (NULL,"小米 6","picture/huishouList/100/MI_6.png",140,100),
    (NULL,"小米 5s","picture/huishouList/100/MI_5S.png",140,100),
    (NULL,"小米 5","picture/huishouList/100/MI_5.jpg",140,100),
    (NULL,"OPPO R11","picture/huishouList/100/O_R11.png",150,100),
    (NULL,"OPPO R9s","picture/huishouList/100/O_R9S.png",150,100),
    (NULL,"iPad Pro 12.9英寸(2017)","picture/huishouList/200/PP_129_2017.png",210,200),
    (NULL,"iPad Pro 10.5英寸(2017)","picture/huishouList/200/PP_105_2017.png",210,200),
    (NULL,"iPad Pro 9.7英寸(2016)","picture/huishouList/200/PP_97_2016.png",210,200),
    (NULL,"iPad Pro 12.9英寸(2015)","picture/huishouList/200/PP_129_2015.png",210,200),
    (NULL,"iPad 4","picture/huishouList/200/P4.png",210,200),
    (NULL,"iPad mini4","picture/huishouList/200/PM4.png",210,200),
    (NULL,"iPad mini3","picture/huishouList/200/PM3.png",210,200),
    (NULL,"iPad mini2","picture/huishouList/200/PM2.png",210,200),
    (NULL,"iPad Air2","picture/huishouList/200/PA2.png",210,200),
    (NULL,"iPad mini","picture/huishouList/200/PM.png",210,200),
    (NULL,"iPad Air","picture/huishouList/200/PA.png",210,200),
    (NULL,"MacBook (12"",Early 2016)","picture/huishouList/300/M12E2016.jpg",310,300),
    (NULL,"MacBook Pro(15"",Early 2013)","picture/huishouList/300/MP15E2013.jpg",310,300),
    (NULL,"MacBook Pro(15"",Late 2013)","picture/huishouList/300/MP15L2013.jpg",310,300),
    (NULL,"MacBook (13"",Early 2013)","picture/huishouList/300/M13E2013.jpg",310,300),
    (NULL,"MacBook (13"",Late 2013)","picture/huishouList/300/M13L2013.jpg",310,300),
    (NULL,"MacBook (15"",Late 2016)","picture/huishouList/300/M15L2016.jpg",310,300),
    (NULL,"MacBook (13"",Early 2016)","picture/huishouList/300/M13E2016.jpg",310,300),
    (NULL,"MacBook (13"",Mid 2014)","picture/huishouList/300/M13M2014.jpg",310,300),
    (NULL,"MacBook (15"",Mid 2014)","picture/huishouList/300/M15M2014.jpg",310,300),
    (NULL,"MacBook (15"",Mid 2015)","picture/huishouList/300/M15M2015.png",310,300),
    (NULL,"MacBook Pro(13"",Early 2015)","picture/huishouList/300/MP13E2015.jpg",310,300),
    (NULL,"MacBook Air(13"",Early 2015)","picture/huishouList/300/MA13E2015.jpg",310,300),
    (NULL,"MacBook (12"", Early 2015)","picture/huishouList/300/M12E2015.jpg",310,300),
    (NULL,"MacBook Air(11"",Early 2015)","picture/huishouList/300/MA11E2015.jpg",310,300);

-- list ------------------------------------------------------------------

/*产品种类*/
CREATE TABLE list_all
(
    aid INT PRIMARY KEY AUTO_INCREMENT,
    aname VARCHAR(32)
);
INSERT INTO list_all
VALUES(1,"手机"),
    (2,"平板"),
    (3,"笔记本"),
    (4,"精选配件");

/*种类出处*/
CREATE TABLE list_source
(
    sid INT PRIMARY KEY AUTO_INCREMENT,
    sname VARCHAR(12),
    hid INT,
    FOREIGN KEY(hid) REFERENCES index_header(hid)
);
INSERT INTO list_source
VALUES(10,"Apple",1),
    (11,"三星",1),
    (12,"华为",1),
    (13,"小米",1),
    (14,"OPPO",1),
    (20,"Apple",2),
    (21,"小米",2),
    (30,"Apple",3),
    (31,"小米",3),
    (40,"数据线",4),
    (41,"耳机",4),
    (42,"充电器",4),
    (43,"转接器",4),
    (44,"贴膜",4),
    (45,"保护套",4),
    (46,"其他",4);

/*产品名称*/
CREATE TABLE list_crowd
(
    cid INT PRIMARY KEY AUTO_INCREMENT,
    cname VARCHAR(32),
    sid INT,
    FOREIGN KEY(sid) REFERENCES list_source(sid)
);
INSERT INTO list_crowd
VALUES(1001,"iPone 5s",10),
    (1002,"iPone 5c",10),
    (1003,"iPone 6",10),
    (1004,"iPone 6 Plus",10),
    (1005,"iPone 6s",10),
    (1006,"iPone 6s Plus",10),
    (1007,"iPone SE",10),
    (1008,"iPone 7",10),
    (1009,"iPone 7 Plus",10),
    (1010,"iPone 8",10),
    (1011,"iPone 8 Plus",10),
    (1012,"iPone X",10),
    (1101,"Galaxy S7 Edge",11),
    (1102,"Galaxy S6",11),
    (1103,"Galaxy S8",11),
    (1104,"Galaxy S8+",11),
    (1201,"Mate 8",12),
    (1202,"Mate 7",12),
    (1301,"Xiaomi 5",13),
    (1302,"Xiaomi 5s",13),
    (1303,"Xiaomi 6",13),
    (1304,"Xiaomi Note2",13),
    (1401,"OPPO R9s",14),
    (1402,"OPPO R11",14),
    (2001,"iPad mini 2",20),
    (2002,"iPad mini",20),
    (2003,"iPad 4",20),
    (2004,"iPad Air",20),
    (2005,"iPad Air 2",20),
    (2006,"iPad mini 4",20),
    (2007,"iPad Pro 12.9英寸",20),
    (2008,"iPad Pro 10.5英寸",20),
    (2009,"iPad Pro 9.7英寸",20),
    (2101,"小米平板 2",21),
    (2102,"小米平板 3",21),
    (3001,"MacBook Air(11"",Early 2015)",30),
    (3101,"小米笔记本Air 12.5""",31),
    (3102,"小米笔记本Air 13.3"" 独显",31),
    (3103,"小米笔记本Pro 15.6""",31),
    (4001,"Apple",40),
    (4101,"Apple",41),
    (4201,"Apple",42),
    (4202,"爱否FView",42),
    (4301,"Apple",43),
    (4401,"爱否FView",44),
    (4501,"Apple",45),
    (4502,"爱否FView",45),
    (4601,"...",46);

/*手机*/
CREATE TABLE list_head
(
    pid INT PRIMARY KEY AUTO_INCREMENT,
    pname VARCHAR(100),
    isshop BIGINT,
    pram INT,
    isyd INT,
    islt INT,
    isdx INT,
    plv VARCHAR(1),
    iscolor VARCHAR(25),/*0白 1灰 2黑 3粉 4金 5红*/
    pprice DECIMAL(8,2),
    istop INT,
    hid INT,
    cid INT,
    FOREIGN KEY(hid) REFERENCES index_header(hid),
    FOREIGN KEY(cid) REFERENCES list_crowd(cid)
);
INSERT INTO list_head
VALUES(NULL,"iPhone 5s",0,16,4,4,0,"B",2,949,1,1,1001),
    (NULL,"iPhone 5s",0,16,4,4,0,"A",0,1249,0,1,1001),
    (NULL,"iPhone 5s",0,16,4,4,0,"B",2,1449,0,1,1001),
    (NULL,"iPhone 5s",0,16,4,4,0,"A",0,1099,0,1,1001),
    (NULL,"iPhone 5s",0,16,4,4,0,"A",0,1249,0,1,1001),
    (NULL,"iPhone 5s",0,16,4,4,0,"A",0,1249,0,1,1001),
    (NULL,"iPhone 5s",0,16,4,4,0,"B",0,1249,0,1,1001),
    (NULL,"iPhone 5s",0,16,4,4,0,"A",2,1099,0,1,1001),
    (NULL,"iPhone 5s",0,16,4,4,0,"A",2,1349,0,1,1001),
    (NULL,"iPhone 5s",0,16,4,4,0,"B",0,1249,0,1,1001),
    (NULL,"iPhone 5s",0,16,4,4,0,"A",2,1299,0,1,1001),
    (NULL,"iPhone 5s",0,16,2,4,0,"C",0,1399,0,1,1001),
    (NULL,"iPhone 5s",0,16,3,4,0,"A",2,949,0,1,1001),
    (NULL,"iPhone 6",0,64,4,4,4,"C",4,1699,1,1,1003),
    (NULL,"iPhone 6",0,16,4,4,4,"A",1,1599,1,1,1003),
    (NULL,"iPhone 6",0,16,4,4,4,"B",4,1549,1,1,1003),
    (NULL,"iPhone 6",0,16,4,4,4,"B",4,2049,0,1,1003),
    (NULL,"iPhone 6",0,16,4,4,4,"B",1,1649,0,1,1003),
    (NULL,"iPhone 6",0,32,4,4,4,"A",4,2099,0,1,1003),
    (NULL,"iPhone 6",0,16,4,4,4,"C",0,1449,0,1,1003),
    (NULL,"iPhone 6",0,16,4,4,4,"C",0,1449,0,1,1003),
    (NULL,"iPhone 6",0,16,4,4,4,"B",4,1699,0,1,1003),
    (NULL,"iPhone 6",0,64,4,4,4,"B",0,1999,0,1,1003),
    (NULL,"iPhone 6",0,64,4,4,4,"A",4,2499,0,1,1003),
    (NULL,"iPhone 6",0,64,4,4,4,"A",1,2499,0,1,1003),
    (NULL,"iPhone 6",0,32,4,4,4,"A",0,2349,0,1,1003),
    (NULL,"iPhone 6",0,32,4,4,4,"A",4,2099,0,1,1003),
    (NULL,"iPhone 6",0,64,4,4,4,"A",0,2499,0,1,1003),
    (NULL,"iPhone 6 Plus",0,64,4,4,4,"A",4,2999,1,1,1004),
    (NULL,"iPhone 6 Plus",0,16,4,4,4,"B",4,1999,1,1,1004),
    (NULL,"iPhone 6 Plus",0,64,4,4,0,"B",1,2399,1,1,1004),
    (NULL,"iPhone 6 Plus",0,64,4,4,4,"B",1,2499,1,1,1004),
    (NULL,"iPhone 6 Plus",0,16,4,4,4,"D",4,1749,0,1,1004),
    (NULL,"iPhone 6 Plus",0,128,4,4,4,"B",1,2949,0,1,1004),
    (NULL,"iPhone 6 Plus",0,64,4,4,4,"A",1,3099,0,1,1004),
    (NULL,"iPhone 6 Plus",0,64,4,4,4,"A",1,2999,0,1,1004),
    (NULL,"iPhone 6 Plus",0,64,4,4,4,"A",1,3099,0,1,1004),
    (NULL,"iPhone 6 Plus",0,64,4,4,4,"C",0,2499,0,1,1004),
    (NULL,"iPhone 6 Plus",0,64,4,4,4,"C",1,1949,0,1,1004),
    (NULL,"iPhone 6 Plus",0,64,4,4,4,"C",0,2499,0,1,1004),
    (NULL,"iPhone 6s",0,64,4,4,4,"A",0,2999,1,1,1005),
    (NULL,"iPhone 6s",0,64,4,2,0,"A",1,2999,1,1,1005),
    (NULL,"iPhone 6s",0,64,4,0,0,"A",4,2949,1,1,1005),
    (NULL,"iPhone 6s",0,64,4,4,4,"A",3,2999,1,1,1005),
    (NULL,"iPhone 6s",0,128,4,4,0,"A",1,3399,0,1,1005),
    (NULL,"iPhone 6s",0,64,4,4,4,"A",3,3299,0,1,1005),
    (NULL,"iPhone 6s",0,64,4,4,4,"A",1,3399,0,1,1005),
    (NULL,"iPhone 6s",0,64,4,4,4,"A",3,3349,0,1,1005),
    (NULL,"iPhone 6s",0,128,4,4,4,"A",0,3549,0,1,1005),
    (NULL,"iPhone 6s",0,64,4,4,4,"C",1,3099,0,1,1005),
    (NULL,"iPhone 6s",0,64,4,4,4,"B",3,3199,0,1,1005),
    (NULL,"iPhone 6s",0,128,4,4,0,"A",4,3399,0,1,1005),
    (NULL,"iPhone 6s",0,64,4,4,4,"B",4,3049,0,1,1005),
    (NULL,"iPhone 6s",0,128,4,4,0,"B",3,3399,0,1,1005),
    (NULL,"iPhone 6s Plus",0,64,4,4,4,"A",0,3399,1,1,1006),
    (NULL,"iPhone 6s Plus",0,64,4,4,4,"A",4,3449,1,1,1006),
    (NULL,"iPhone 6s Plus",0,16,4,4,4,"B",4,2399,1,1,1006),
    (NULL,"iPhone 6s Plus",0,64,4,4,4,"C",3,2699,1,1,1006),
    (NULL,"iPhone 6s Plus",0,64,4,4,4,"A",0,3499,0,1,1006),
    (NULL,"iPhone 6s Plus",0,64,4,4,4,"A",1,3499,0,1,1006),
    (NULL,"iPhone 6s Plus",0,64,4,4,0,"A",1,3399,0,1,1006),
    (NULL,"iPhone 6s Plus",0,64,4,4,4,"B",3,3499,0,1,1006),
    (NULL,"iPhone 6s Plus",0,64,4,4,4,"B",3,3349,0,1,1006),
    (NULL,"iPhone 6s Plus",0,64,4,4,4,"C",4,3299,0,1,1006),
    (NULL,"iPhone 6s Plus",0,64,4,4,4,"A",3,3099,0,1,1006),
    (NULL,"iPhone 6s Plus",0,64,4,4,4,"B",0,3499,0,1,1006),
    (NULL,"iPhone 6s Plus",0,64,4,4,4,"A",3,3449,0,1,1006),
    (NULL,"iPhone SE",0,64,4,4,4,"A",4,2799,0,1,1007),
    (NULL,"iPhone SE",0,64,4,4,4,"A",4,2799,0,1,1007),
    (NULL,"iPhone SE",0,64,4,4,4,"A",3,2799,0,1,1007),
    (NULL,"iPhone SE",0,64,4,4,4,"A",1,2199,0,1,1007),
    (NULL,"iPhone SE",0,64,4,4,4,"B",0,2799,0,1,1007),
    (NULL,"iPhone SE",0,64,4,4,4,"A",0,2799,0,1,1007),
    (NULL,"iPhone SE",0,64,4,4,4,"A",0,2799,0,1,1007),
    (NULL,"iPhone SE",0,64,4,4,4,"A",0,2799,0,1,1007),
    (NULL,"iPhone SE",0,64,4,4,4,"B",3,2199,0,1,1007),
    (NULL,"iPhone SE",0,64,4,4,4,"A",4,1899,0,1,1007),
    (NULL,"iPhone SE",0,64,4,4,4,"B",3,1799,0,1,1007),
    (NULL,"iPhone 7",0,128,4,4,4,"A",5,4199,1,1,1008),
    (NULL,"iPhone 7",0,32,4,4,4,"A",1,3499,1,1,1008),
    (NULL,"iPhone 7",0,32,4,4,0,"A",3,3449,1,1,1008),
    (NULL,"iPhone 7",0,128,4,4,4,"A",2,4199,1,1,1008),
    (NULL,"iPhone 7",0,32,4,4,4,"A",4,3699,1,1,1008),
    (NULL,"iPhone 7",0,128,4,4,4,"A",5,3999,0,1,1008),
    (NULL,"iPhone 7",0,32,4,4,4,"B",0,3899,0,1,1008),
    (NULL,"iPhone 7",0,64,4,4,4,"A",3,3499,0,1,1008),
    (NULL,"iPhone 7",0,64,4,4,4,"A",2,3599,0,1,1008),
    (NULL,"iPhone 7",0,64,4,4,4,"B",5,3449,0,1,1008),
    (NULL,"iPhone 7",0,64,4,4,4,"B",4,3099,0,1,1008),
    (NULL,"iPhone 7",0,128,4,4,4,"A",0,3999,0,1,1008),
    (NULL,"iPhone 7 Plus",0,128,4,4,0,"C",2,4199,1,1,1009),
    (NULL,"iPhone 7 Plus",0,128,4,4,4,"A",5,5099,1,1,1009),
    (NULL,"iPhone 7 Plus",0,128,4,4,4,"B",1,4499,1,1,1009),
    (NULL,"iPhone 7 Plus",0,128,4,4,0,"C",2,4349,1,1,1009),
    (NULL,"iPhone 7 Plus",0,128,4,4,4,"A",1,4999,1,1,1009),
    (NULL,"iPhone 7 Plus",0,256,4,4,4,"A",0,5099,0,1,1009),
    (NULL,"iPhone 7 Plus",0,256,4,4,4,"A",3,4499,0,1,1009),
    (NULL,"iPhone 7 Plus",0,128,4,4,4,"B",5,5099,0,1,1009),
    (NULL,"iPhone 7 Plus",0,256,4,4,4,"A",3,5199,0,1,1009),
    (NULL,"iPhone 7 Plus",0,128,4,4,4,"A",4,4399,0,1,1009),
    (NULL,"iPhone 7 Plus",0,256,4,4,4,"A",0,5099,0,1,1009),
    (NULL,"iPhone 7 Plus",0,256,4,4,4,"A",0,5099,0,1,1009),
    (NULL,"iPhone 7 Plus",0,128,4,4,4,"A",4,4299,0,1,1009),
    (NULL,"iPhone 8",0,256,4,4,0,"A",2,5299,0,1,1010),
    (NULL,"iPhone 8",0,256,4,4,4,"A",2,5999,0,1,1010),
    (NULL,"iPhone 8",0,64,4,4,0,"A",2,4499,0,1,1010),
    (NULL,"iPhone 8",0,256,4,4,0,"A",4,5449,0,1,1010),
    (NULL,"iPhone 8",0,256,4,4,4,"A",4,5499,0,1,1010),
    (NULL,"iPhone 8",0,256,4,4,4,"A",4,4799,0,1,1010),
    (NULL,"iPhone 8",0,256,4,4,4,"A",4,4799,0,1,1010),
    (NULL,"iPhone 8",0,64,4,4,4,"A",2,5499,0,1,1010),
    (NULL,"iPhone 8",0,64,4,4,4,"A",4,4799,0,1,1010),
    (NULL,"iPhone 8 Plus",0,64,4,4,4,"A",2,5799,0,1,1011),
    (NULL,"iPhone 8 Plus",0,64,4,4,4,"A",2,5799,0,1,1011),
    (NULL,"iPhone 8 Plus",0,64,4,4,4,"A",0,5699,0,1,1011),
    (NULL,"iPhone 8 Plus",0,256,4,4,0,"A",0,5999,0,1,1011),
    (NULL,"iPhone 8 Plus",0,256,4,4,0,"A",0,5999,0,1,1011),
    (NULL,"iPhone 8 Plus",0,256,4,4,4,"A",4,6349,0,1,1011),
    (NULL,"iPhone 8 Plus",0,256,4,4,0,"A",2,5999,0,1,1011),
    (NULL,"iPhone 8 Plus",0,256,4,4,0,"A",4,5999,0,1,1011),
    (NULL,"iPhone 8 Plus",0,64,4,4,4,"A",2,5599,0,1,1011),
    (NULL,"iPhone 8 Plus",0,64,4,4,4,"A",2,5599,0,1,1011),
    (NULL,"iPhone 8 Plus",0,256,4,4,4,"A",0,6299,0,1,1011),
    (NULL,"iPhone X",0,256,4,4,0,"A",0,8599,0,1,1012),
    (NULL,"iPhone X",0,256,4,4,0,"A",0,8599,0,1,1012),
    (NULL,"Galaxy S7 Edge",0,32,4,4,4,"C",2,1899,1,1,1101),
    (NULL,"Galaxy S7 Edge",0,32,4,4,4,"B",1,2199,1,1,1101),
    (NULL,"Galaxy S7 Edge",0,32,4,4,4,"B",0,2099,1,1,1101),
    (NULL,"Galaxy S7 Edge",0,32,4,4,4,"B",0,2149,1,1,1101),
    (NULL,"Galaxy S7 Edge",0,32,4,4,4,"D",2,1999,0,1,1101),
    (NULL,"Galaxy S7 Edge",0,32,4,4,4,"A",2,2499,0,1,1101),
    (NULL,"Galaxy S6",0,32,4,4,4,"C",6,999,1,1,1102),
    (NULL,"Galaxy S8",0,64,4,4,4,"B",7,3899,1,1,1103),
    (NULL,"Galaxy S8",0,64,4,4,4,"A",8,4199,1,1,1103),
    (NULL,"Galaxy S8",0,64,4,4,4,"B",8,3749,0,1,1103),
    (NULL,"Galaxy S8",0,64,4,4,4,"C",7,3899,0,1,1103),
    (NULL,"Galaxy S8",0,64,4,4,4,"B",0,3749,0,1,1103),
    (NULL,"Galaxy S8",0,64,4,4,4,"B",0,3749,0,1,1103),
    (NULL,"Galaxy S8",0,64,4,4,4,"A",7,4399,0,1,1103),
    (NULL,"Galaxy S8",0,64,4,4,4,"A",2,3599,0,1,1103),
    (NULL,"Galaxy S8",0,64,4,4,4,"A",2,3599,0,1,1103),
    (NULL,"Galaxy S8",0,64,4,4,4,"A",2,3599,0,1,1103),
    (NULL,"Galaxy S8+",0,64,4,4,4,"A",2,3799,0,1,1104),
    (NULL,"Galaxy S8+",0,64,4,4,4,"A",2,3799,0,1,1104),
    (NULL,"Galaxy S8+",0,64,4,4,4,"A",2,3799,0,1,1104),
    (NULL,"Galaxy S8+",0,64,4,4,4,"A",8,3799,0,1,1104),
    (NULL,"Galaxy S8+",0,64,4,4,4,"A",8,3799,0,1,1104),
    (NULL,"Galaxy S8+",0,64,4,4,4,"A",7,4999,0,1,1104),
    (NULL,"Galaxy S8+",0,128,4,4,4,"A",8,5399,0,1,1104),
    (NULL,"Galaxy S8+",0,64,4,4,4,"B",2,3599,0,1,1104),
    (NULL,"Galaxy S8+",0,64,4,4,4,"B",8,4399,0,1,1104),
    (NULL,"Galaxy S8+",0,64,4,4,4,"B",8,4399,0,1,1104),
    (NULL,"Mate 8",0,128,4,4,4,"C",4,1649,0,1,1201),
    (NULL,"Xiaomi 5s",0,64,4,4,4,"C",4,1299,0,1,1302),
    (NULL,"Xiaomi 5s",0,64,4,4,4,"B",1,1549,0,1,1302),
    (NULL,"Xiaomi 5s",0,64,4,4,4,"B",0,1399,0,1,1302),
    (NULL,"Lightning to USB 数据线",0,NULL,NULL,NULL,NULL,NULL,"白色",62,1,4,4001),
    (NULL,"Apple EarPods 耳机",0,NULL,NULL,NULL,NULL,NULL,"白色",78,1,4,4101),
    (NULL,"Lightning 接口 EarPods 耳机",0,NULL,NULL,NULL,NULL,NULL,"白色",138,1,4,4101),
    (NULL,"Apple 5W USB 电源适配器",0,NULL,NULL,NULL,NULL,NULL,"白色",49,1,4,4201),
    (NULL,"Apple 5W USB 电源适配器&Lightning to USB 数据线 充电套餐",0,NULL,NULL,NULL,NULL,NULL,"白色",105,1,4,4201),
    (NULL,"【爱否波板糖】快速无线充电器",0,NULL,NULL,NULL,NULL,NULL,"白色",69,1,4,4202),
    (NULL,"【爱否冰糖】iPhone X 纯冷雕全屏钢化膜",0,NULL,NULL,NULL,NULL,NULL,"黑色（普通款）",54.90,1,4,4401),
    (NULL,"【爱否薄荷糖】iPhone X 无边钢化膜",0,NULL,NULL,NULL,NULL,NULL,"单张",24.90,1,4,4401),
    (NULL,"【爱否冰糖】iPhone 8 纯冷雕全屏钢化膜",0,NULL,NULL,NULL,NULL,NULL,"白色",54.90,1,4,4401),
    (NULL,"【爱否冰糖】iPhone 8 Plus 纯冷雕全屏钢化膜",0,NULL,NULL,NULL,NULL,NULL,"白色",54.90,1,4,4401),
    (NULL,"【爱否冰糖】iPhone 7 纯冷雕全屏钢化膜",0,NULL,NULL,NULL,NULL,NULL,"白色",54.90,1,4,4401),
    (NULL,"【爱否冰糖】iPhone 7 Plus 纯冷雕全屏钢化膜",0,NULL,NULL,NULL,NULL,NULL,"白色",54.90,1,4,4401),
    (NULL,"【爱否冰糖】iPhone 6/6s 纯冷雕全屏钢化膜",0,NULL,NULL,NULL,NULL,NULL,"白色",54.90,1,4,4401),
    (NULL,"【爱否冰糖】iPhone 6 Plus/6s Plus 纯冷雕全屏钢化膜",0,NULL,NULL,NULL,NULL,NULL,"白色",54.90,1,4,4401),
    (NULL,"【爱否薄荷糖】iPhone 7/8 无边钢化膜",0,NULL,NULL,NULL,NULL,NULL,"单张",24.90,1,4,4401),
    (NULL,"【爱否薄荷糖】iPhone 7 Plus/8 Plus 无边钢化膜",0,NULL,NULL,NULL,NULL,NULL,"单张",24.90,1,4,4401),
    (NULL,"【爱否薄荷糖】iPhone 6/ iPhone 6s 无边钢化膜",0,NULL,NULL,NULL,NULL,NULL,"单张",24.90,1,4,4401),
    (NULL,"【爱否薄荷糖】iPhone 6 Plus/ iPhone 6s Plus 无边钢化膜",0,NULL,NULL,NULL,NULL,NULL,"单张",24.90,1,4,4401),
    (NULL,"【爱否薄荷糖 Pro】坚果Pro 大弧边钢化膜",0,NULL,NULL,NULL,NULL,NULL,"前膜（一张）",24.90,1,4,4401),
    (NULL,"【FView定制】iPhone 6/6s HR+高透保护膜（非钢化膜）",0,NULL,NULL,NULL,NULL,NULL,"高透",14.90,1,4,4401),
    (NULL,"【FView定制】iPhone 6 Plus/6s Plus HR+高透膜（非钢化膜）",0,NULL,NULL,NULL,NULL,NULL,"高透",14.90,1,4,4401),
    (NULL,"Lightning to USB 数据线",0,NULL,NULL,NULL,NULL,NULL,"绿色",69,0,4,4001),
    (NULL,"Apple EarPods 耳机",0,NULL,NULL,NULL,NULL,NULL,"黄色",79,0,4,4101),
    (NULL,"Lightning 接口 EarPods 耳机",0,NULL,NULL,NULL,NULL,NULL,"金色",139,0,4,4101),
    (NULL,"【爱否波板糖】快速无线充电器",0,NULL,NULL,NULL,NULL,NULL,"黑色",79,0,4,4202),
    (NULL,"【爱否冰糖】iPhone X 纯冷雕全屏钢化膜",0,NULL,NULL,NULL,NULL,NULL,"黑色（防尘终极版）",69,0,4,4401),
    (NULL,"【爱否冰糖】iPhone X 纯冷雕全屏钢化膜",0,NULL,NULL,NULL,NULL,NULL,"黑色（防尘终极版）两张特价套餐",120,0,4,4401),
    (NULL,"【爱否薄荷糖】iPhone X 无边钢化膜",0,NULL,NULL,NULL,NULL,NULL,"两张特价套餐",39.90,0,4,4401),
    (NULL,"【爱否冰糖】iPhone 8 纯冷雕全屏钢化膜",0,NULL,NULL,NULL,NULL,NULL,"黑色",55.90,0,4,4401),
    (NULL,"【爱否冰糖】iPhone 8 Plus 纯冷雕全屏钢化膜",0,NULL,NULL,NULL,NULL,NULL,"黑色",55.90,0,4,4401),
    (NULL,"【爱否冰糖】iPhone 7 纯冷雕全屏钢化膜",0,NULL,NULL,NULL,NULL,NULL,"黑色",55.90,0,4,4401),
    (NULL,"【爱否冰糖】iPhone 7 Plus 纯冷雕全屏钢化膜",0,NULL,NULL,NULL,NULL,NULL,"黑色",55.90,0,4,4401),
    (NULL,"【爱否冰糖】iPhone 6/6s 纯冷雕全屏钢化膜",0,NULL,NULL,NULL,NULL,NULL,"黑色",55.90,0,4,4401),
    (NULL,"【爱否冰糖】iPhone 6 Plus/6s Plus 纯冷雕全屏钢化膜",0,NULL,NULL,NULL,NULL,NULL,"黑色",55.90,0,4,4401),
    (NULL,"【爱否薄荷糖】iPhone 7/8 无边钢化膜",0,NULL,NULL,NULL,NULL,NULL,"两张特价套餐",39.90,0,4,4401),
    (NULL,"【爱否薄荷糖】iPhone 7 Plus/8 Plus 无边钢化膜",0,NULL,NULL,NULL,NULL,NULL,"两张特价套餐",39.90,0,4,4401),
    (NULL,"【爱否薄荷糖】iPhone 6/ iPhone 6s 无边钢化膜",0,NULL,NULL,NULL,NULL,NULL,"两张特价套餐",39.90,0,4,4401),
    (NULL,"【爱否薄荷糖】iPhone 6 Plus/ iPhone 6s Plus 无边钢化膜",0,NULL,NULL,NULL,NULL,NULL,"两张特价套餐",39.90,0,4,4401),
    (NULL,"【爱否薄荷糖 Pro】坚果Pro 大弧边钢化膜",0,NULL,NULL,NULL,NULL,NULL,"前膜（两张）",39.90,0,4,4401),
    (NULL,"【爱否薄荷糖 Pro】坚果Pro 大弧边钢化膜",0,NULL,NULL,NULL,NULL,NULL,"背膜（一张）",24.90,0,4,4401),
    (NULL,"【爱否薄荷糖 Pro】坚果Pro 大弧边钢化膜",0,NULL,NULL,NULL,NULL,NULL,"背膜（两张）",39.90,0,4,4401),
    (NULL,"【爱否薄荷糖 Pro】坚果Pro 大弧边钢化膜",0,NULL,NULL,NULL,NULL,NULL,"前膜+背膜",39.90,0,4,4401);

CREATE TABLE list_head_img
(
    img_id INT PRIMARY KEY AUTO_INCREMENT,
    img_src VARCHAR(512),
    pid INT,
    FOREIGN KEY(pid) REFERENCES list_head(pid)
);
INSERT INTO list_head_img VALUES
(NULL,"1/1.jpg",1),(NULL,"1/2.jpg",1),(NULL,"1/3.jpg",1),(NULL,"1/4.jpg",1),
(NULL,"1/5.jpg",1),(NULL,"1/5.jpg",1),(NULL,"1/7.jpg",1),(NULL,"1/8.jpg",1),(NULL,"1/9.jpg",1),
(NULL,"2/1.jpg",2),(NULL,"2/2.jpg",2),(NULL,"2/3.jpg",2),(NULL,"2/4.jpg",2),
(NULL,"2/5.jpg",2),(NULL,"2/6.jpg",2),(NULL,"2/7.jpg",2),(NULL,"2/8.jpg",2),(NULL,"2/9.jpg",2),
(NULL,"1/1.jpg",3),(NULL,"1/2.jpg",3),(NULL,"1/3.jpg",3),(NULL,"1/4.jpg",3),
(NULL,"1/5.jpg",3),(NULL,"1/6.jpg",3),(NULL,"1/7.jpg",3),(NULL,"1/8.jpg",3),(NULL,"1/9.jpg",3),
(NULL,"2/1.jpg",4),(NULL,"2/2.jpg",4),(NULL,"2/3.jpg",4),(NULL,"2/4.jpg",4),
(NULL,"2/5.jpg",4),(NULL,"2/6.jpg",4),(NULL,"2/7.jpg",4),(NULL,"2/8.jpg",4),(NULL,"2/9.jpg",4),
(NULL,"2/1.jpg",5),(NULL,"2/2.jpg",5),(NULL,"2/3.jpg",5),(NULL,"2/4.jpg",5),
(NULL,"2/5.jpg",5),(NULL,"2/6.jpg",5),(NULL,"2/7.jpg",5),(NULL,"2/8.jpg",5),(NULL,"2/9.jpg",5),
(NULL,"2/1.jpg",6),(NULL,"2/2.jpg",6),(NULL,"2/3.jpg",6),(NULL,"2/4.jpg",6),
(NULL,"2/5.jpg",6),(NULL,"2/6.jpg",6),(NULL,"2/7.jpg",6),(NULL,"2/8.jpg",6),(NULL,"2/9.jpg",6),
(NULL,"2/1.jpg",7),(NULL,"2/2.jpg",7),(NULL,"2/3.jpg",7),(NULL,"2/4.jpg",7),
(NULL,"2/5.jpg",7),(NULL,"2/6.jpg",7),(NULL,"2/7.jpg",7),(NULL,"2/8.jpg",7),(NULL,"2/9.jpg",7),
(NULL,"1/1.jpg",8),(NULL,"1/2.jpg",8),(NULL,"1/3.jpg",8),(NULL,"1/4.jpg",8),
(NULL,"1/5.jpg",8),(NULL,"1/6.jpg",8),(NULL,"1/7.jpg",8),(NULL,"1/8.jpg",8),(NULL,"1/9.jpg",8),
(NULL,"1/1.jpg",9),(NULL,"1/2.jpg",9),(NULL,"1/3.jpg",9),(NULL,"1/4.jpg",9),
(NULL,"1/5.jpg",9),(NULL,"1/6.jpg",9),(NULL,"1/7.jpg",9),(NULL,"1/8.jpg",9),(NULL,"1/9.jpg",9),
(NULL,"2/1.jpg",10),(NULL,"2/2.jpg",10),(NULL,"2/3.jpg",10),(NULL,"2/4.jpg",10),
(NULL,"2/5.jpg",10),(NULL,"2/6.jpg",10),(NULL,"2/7.jpg",10),(NULL,"2/8.jpg",10),(NULL,"2/9.jpg",10),
(NULL,"1/1.jpg",11),(NULL,"1/2.jpg",11),(NULL,"1/3.jpg",11),(NULL,"1/4.jpg",11),
(NULL,"1/5.jpg",11),(NULL,"1/6.jpg",11),(NULL,"1/7.jpg",11),(NULL,"1/8.jpg",11),(NULL,"1/9.jpg",11),    
(NULL,"2/1.jpg",12),(NULL,"2/2.jpg",12),(NULL,"2/3.jpg",12),(NULL,"2/4.jpg",12),
(NULL,"2/5.jpg",12),(NULL,"2/6.jpg",12),(NULL,"2/7.jpg",12),(NULL,"2/8.jpg",12),(NULL,"2/9.jpg",12),
(NULL,"1/1.jpg",13),(NULL,"1/2.jpg",13),(NULL,"1/3.jpg",13),(NULL,"1/4.jpg",13),
(NULL,"1/5.jpg",13),(NULL,"1/6.jpg",13),(NULL,"1/7.jpg",13),(NULL,"1/8.jpg",13),(NULL,"1/9.jpg",13),
(NULL,"5/1.jpg",14),(NULL,"5/2.jpg",14),(NULL,"5/3.jpg",14),(NULL,"5/4.jpg",14),
(NULL,"5/5.jpg",14),(NULL,"5/5.jpg",14),(NULL,"5/7.jpg",14),(NULL,"5/8.jpg",14),(NULL,"5/9.jpg",14),
(NULL,"4/1.jpg",15),(NULL,"4/2.jpg",15),(NULL,"4/3.jpg",15),(NULL,"4/4.jpg",15),
(NULL,"4/5.jpg",15),(NULL,"4/5.jpg",15),(NULL,"4/7.jpg",15),(NULL,"4/8.jpg",15),(NULL,"4/9.jpg",15),
(NULL,"5/1.jpg",16),(NULL,"5/2.jpg",16),(NULL,"5/3.jpg",16),(NULL,"5/4.jpg",16),
(NULL,"5/5.jpg",16),(NULL,"5/5.jpg",16),(NULL,"5/7.jpg",16),(NULL,"5/8.jpg",16),(NULL,"5/9.jpg",16),
(NULL,"5/1.jpg",17),(NULL,"5/2.jpg",17),(NULL,"5/3.jpg",17),(NULL,"5/4.jpg",17),
(NULL,"5/5.jpg",17),(NULL,"5/5.jpg",17),(NULL,"5/7.jpg",17),(NULL,"5/8.jpg",17),(NULL,"5/9.jpg",17),
(NULL,"4/1.jpg",15),(NULL,"4/2.jpg",18),(NULL,"4/3.jpg",18),(NULL,"4/4.jpg",18),
(NULL,"4/5.jpg",15),(NULL,"4/5.jpg",18),(NULL,"4/7.jpg",18),(NULL,"4/8.jpg",18),(NULL,"4/9.jpg",18),
(NULL,"5/1.jpg",19),(NULL,"5/2.jpg",19),(NULL,"5/3.jpg",19),(NULL,"5/4.jpg",19),
(NULL,"5/5.jpg",19),(NULL,"5/5.jpg",19),(NULL,"5/7.jpg",19),(NULL,"5/8.jpg",19),(NULL,"5/9.jpg",19),
(NULL,"3/1.jpg",20),(NULL,"3/2.jpg",20),(NULL,"3/3.jpg",20),(NULL,"3/4.jpg",20),
(NULL,"3/5.jpg",20),(NULL,"3/5.jpg",20),(NULL,"3/7.jpg",20),(NULL,"3/8.jpg",20),(NULL,"3/9.jpg",20),
(NULL,"3/1.jpg",21),(NULL,"3/2.jpg",21),(NULL,"3/3.jpg",21),(NULL,"3/4.jpg",21),
(NULL,"3/5.jpg",21),(NULL,"3/5.jpg",21),(NULL,"3/7.jpg",21),(NULL,"3/8.jpg",21),(NULL,"3/9.jpg",21),
(NULL,"5/1.jpg",22),(NULL,"5/2.jpg",22),(NULL,"5/3.jpg",22),(NULL,"5/4.jpg",22),
(NULL,"5/5.jpg",22),(NULL,"5/5.jpg",22),(NULL,"5/7.jpg",22),(NULL,"5/8.jpg",22),(NULL,"5/9.jpg",22),
(NULL,"3/1.jpg",23),(NULL,"3/2.jpg",23),(NULL,"3/3.jpg",23),(NULL,"3/4.jpg",23),
(NULL,"3/5.jpg",23),(NULL,"3/5.jpg",23),(NULL,"3/7.jpg",23),(NULL,"3/8.jpg",23),(NULL,"3/9.jpg",23),
(NULL,"5/1.jpg",24),(NULL,"5/2.jpg",24),(NULL,"5/3.jpg",24),(NULL,"5/4.jpg",24),
(NULL,"5/5.jpg",24),(NULL,"5/5.jpg",24),(NULL,"5/7.jpg",24),(NULL,"5/8.jpg",24),(NULL,"5/9.jpg",24),
(NULL,"4/1.jpg",25),(NULL,"4/2.jpg",25),(NULL,"4/3.jpg",25),(NULL,"4/4.jpg",25),
(NULL,"4/5.jpg",25),(NULL,"4/5.jpg",25),(NULL,"4/7.jpg",25),(NULL,"4/8.jpg",25),(NULL,"4/9.jpg",25),
(NULL,"3/1.jpg",26),(NULL,"3/2.jpg",26),(NULL,"3/3.jpg",26),(NULL,"3/4.jpg",26),
(NULL,"3/5.jpg",26),(NULL,"3/5.jpg",26),(NULL,"3/7.jpg",26),(NULL,"3/8.jpg",26),(NULL,"3/9.jpg",26),
(NULL,"5/1.jpg",27),(NULL,"5/2.jpg",27),(NULL,"5/3.jpg",27),(NULL,"5/4.jpg",27),
(NULL,"5/5.jpg",27),(NULL,"5/5.jpg",27),(NULL,"5/7.jpg",27),(NULL,"5/8.jpg",27),(NULL,"5/9.jpg",27),
(NULL,"3/1.jpg",28),(NULL,"3/2.jpg",28),(NULL,"3/3.jpg",28),(NULL,"3/4.jpg",28),
(NULL,"3/5.jpg",28),(NULL,"3/5.jpg",28),(NULL,"3/7.jpg",28),(NULL,"3/8.jpg",28),(NULL,"3/9.jpg",28),
(NULL,"8/1.jpg",29),(NULL,"8/2.jpg",29),(NULL,"8/3.jpg",29),(NULL,"8/4.jpg",29),
(NULL,"8/5.jpg",29),(NULL,"8/5.jpg",29),(NULL,"8/7.jpg",29),(NULL,"8/8.jpg",29),(NULL,"8/9.jpg",29),
(NULL,"8/1.jpg",30),(NULL,"8/2.jpg",30),(NULL,"8/3.jpg",30),(NULL,"8/4.jpg",30),
(NULL,"8/5.jpg",30),(NULL,"8/5.jpg",30),(NULL,"8/7.jpg",30),(NULL,"8/8.jpg",30),(NULL,"8/9.jpg",30),
(NULL,"7/1.jpg",31),(NULL,"7/2.jpg",31),(NULL,"7/3.jpg",31),(NULL,"7/4.jpg",31),
(NULL,"7/5.jpg",31),(NULL,"7/5.jpg",31),(NULL,"7/7.jpg",31),(NULL,"7/8.jpg",31),(NULL,"7/9.jpg",31),
(NULL,"7/1.jpg",32),(NULL,"7/2.jpg",32),(NULL,"7/3.jpg",32),(NULL,"7/4.jpg",32),
(NULL,"7/5.jpg",32),(NULL,"7/5.jpg",32),(NULL,"7/7.jpg",32),(NULL,"7/8.jpg",32),(NULL,"7/9.jpg",32),
(NULL,"8/1.jpg",33),(NULL,"8/2.jpg",33),(NULL,"8/3.jpg",33),(NULL,"8/4.jpg",33),
(NULL,"8/5.jpg",33),(NULL,"8/5.jpg",33),(NULL,"8/7.jpg",33),(NULL,"8/8.jpg",33),(NULL,"8/9.jpg",33),
(NULL,"7/1.jpg",34),(NULL,"7/2.jpg",34),(NULL,"7/3.jpg",34),(NULL,"7/4.jpg",34),
(NULL,"7/5.jpg",34),(NULL,"7/5.jpg",34),(NULL,"7/7.jpg",34),(NULL,"7/8.jpg",34),(NULL,"7/9.jpg",34),
(NULL,"7/1.jpg",35),(NULL,"7/2.jpg",35),(NULL,"7/3.jpg",35),(NULL,"7/4.jpg",35),
(NULL,"7/5.jpg",35),(NULL,"7/5.jpg",35),(NULL,"7/7.jpg",35),(NULL,"7/8.jpg",35),(NULL,"7/9.jpg",35),
(NULL,"7/1.jpg",36),(NULL,"7/2.jpg",36),(NULL,"7/3.jpg",36),(NULL,"7/4.jpg",36),
(NULL,"7/5.jpg",36),(NULL,"7/5.jpg",36),(NULL,"7/7.jpg",36),(NULL,"7/8.jpg",36),(NULL,"7/9.jpg",36),
(NULL,"7/1.jpg",37),(NULL,"7/2.jpg",37),(NULL,"7/3.jpg",37),(NULL,"7/4.jpg",37),
(NULL,"7/5.jpg",37),(NULL,"7/5.jpg",37),(NULL,"7/7.jpg",37),(NULL,"7/8.jpg",37),(NULL,"7/9.jpg",37),
(NULL,"6/1.jpg",38),(NULL,"6/2.jpg",38),(NULL,"6/3.jpg",38),(NULL,"6/4.jpg",38),
(NULL,"6/5.jpg",38),(NULL,"6/5.jpg",38),(NULL,"6/7.jpg",38),(NULL,"6/8.jpg",38),(NULL,"6/9.jpg",38),
(NULL,"7/1.jpg",39),(NULL,"7/2.jpg",39),(NULL,"7/3.jpg",39),(NULL,"7/4.jpg",39),
(NULL,"7/5.jpg",39),(NULL,"7/5.jpg",39),(NULL,"7/7.jpg",39),(NULL,"7/8.jpg",39),(NULL,"7/9.jpg",39),
(NULL,"6/1.jpg",40),(NULL,"6/2.jpg",40),(NULL,"6/3.jpg",40),(NULL,"6/4.jpg",40),
(NULL,"6/5.jpg",40),(NULL,"6/5.jpg",40),(NULL,"6/7.jpg",40),(NULL,"6/8.jpg",40),(NULL,"6/9.jpg",40),
(NULL,"9/1.jpg",41),(NULL,"9/2.jpg",41),(NULL,"9/3.jpg",41),(NULL,"9/4.jpg",41),
(NULL,"9/5.jpg",41),(NULL,"9/5.jpg",41),(NULL,"9/7.jpg",41),(NULL,"9/8.jpg",41),(NULL,"9/9.jpg",41),
(NULL,"10/1.jpg",42),(NULL,"10/2.jpg",42),(NULL,"10/3.jpg",42),(NULL,"10/4.jpg",42),
(NULL,"10/5.jpg",42),(NULL,"10/5.jpg",42),(NULL,"10/7.jpg",42),(NULL,"10/8.jpg",42),(NULL,"10/9.jpg",42),
(NULL,"11/1.jpg",43),(NULL,"11/2.jpg",43),(NULL,"11/3.jpg",43),(NULL,"11/4.jpg",43),
(NULL,"11/5.jpg",43),(NULL,"11/5.jpg",43),(NULL,"11/7.jpg",43),(NULL,"11/8.jpg",43),(NULL,"11/9.jpg",43),
(NULL,"12/1.jpg",44),(NULL,"12/2.jpg",44),(NULL,"12/3.jpg",44),(NULL,"12/4.jpg",44),
(NULL,"12/5.jpg",44),(NULL,"12/5.jpg",44),(NULL,"12/7.jpg",44),(NULL,"12/8.jpg",44),(NULL,"12/9.jpg",44),
(NULL,"10/1.jpg",45),(NULL,"10/2.jpg",45),(NULL,"10/3.jpg",45),(NULL,"10/4.jpg",45),
(NULL,"10/5.jpg",45),(NULL,"10/5.jpg",45),(NULL,"10/7.jpg",45),(NULL,"10/8.jpg",45),(NULL,"10/9.jpg",45),
(NULL,"12/1.jpg",46),(NULL,"12/2.jpg",46),(NULL,"12/3.jpg",46),(NULL,"12/4.jpg",46),
(NULL,"12/5.jpg",46),(NULL,"12/5.jpg",46),(NULL,"12/7.jpg",46),(NULL,"12/8.jpg",46),(NULL,"12/9.jpg",46),
(NULL,"10/1.jpg",47),(NULL,"10/2.jpg",47),(NULL,"10/3.jpg",47),(NULL,"10/4.jpg",47),
(NULL,"10/5.jpg",47),(NULL,"10/5.jpg",47),(NULL,"10/7.jpg",47),(NULL,"10/8.jpg",47),(NULL,"10/9.jpg",47),
(NULL,"12/1.jpg",48),(NULL,"12/2.jpg",48),(NULL,"12/3.jpg",48),(NULL,"12/4.jpg",48),
(NULL,"12/5.jpg",48),(NULL,"12/5.jpg",48),(NULL,"12/7.jpg",48),(NULL,"12/8.jpg",48),(NULL,"12/9.jpg",48),
(NULL,"9/1.jpg",49),(NULL,"9/2.jpg",49),(NULL,"9/3.jpg",49),(NULL,"9/4.jpg",49),
(NULL,"9/5.jpg",49),(NULL,"9/5.jpg",49),(NULL,"9/7.jpg",49),(NULL,"9/8.jpg",49),(NULL,"9/9.jpg",49),
(NULL,"10/1.jpg",50),(NULL,"10/2.jpg",50),(NULL,"10/3.jpg",50),(NULL,"10/4.jpg",50),
(NULL,"10/5.jpg",50),(NULL,"10/5.jpg",50),(NULL,"10/7.jpg",50),(NULL,"10/8.jpg",50),(NULL,"10/9.jpg",50),
(NULL,"12/1.jpg",51),(NULL,"12/2.jpg",51),(NULL,"12/3.jpg",51),(NULL,"12/4.jpg",51),
(NULL,"12/5.jpg",51),(NULL,"12/5.jpg",51),(NULL,"12/7.jpg",51),(NULL,"12/8.jpg",51),(NULL,"12/9.jpg",51),
(NULL,"11/1.jpg",52),(NULL,"11/2.jpg",52),(NULL,"11/3.jpg",52),(NULL,"11/4.jpg",52),
(NULL,"11/5.jpg",52),(NULL,"11/5.jpg",52),(NULL,"11/7.jpg",52),(NULL,"11/8.jpg",52),(NULL,"11/9.jpg",52),
(NULL,"11/1.jpg",53),(NULL,"11/2.jpg",53),(NULL,"11/3.jpg",53),(NULL,"11/4.jpg",53),
(NULL,"11/5.jpg",53),(NULL,"11/5.jpg",53),(NULL,"11/7.jpg",53),(NULL,"11/8.jpg",53),(NULL,"11/9.jpg",53),
(NULL,"12/1.jpg",54),(NULL,"12/2.jpg",54),(NULL,"12/3.jpg",54),(NULL,"12/4.jpg",54),
(NULL,"12/5.jpg",54),(NULL,"12/5.jpg",54),(NULL,"12/7.jpg",54),(NULL,"12/8.jpg",54),(NULL,"12/9.jpg",54),
(NULL,"13/1.jpg",55),(NULL,"13/2.jpg",55),(NULL,"13/3.jpg",55),(NULL,"13/4.jpg",55),
(NULL,"13/5.jpg",55),(NULL,"13/5.jpg",55),(NULL,"13/7.jpg",55),(NULL,"13/8.jpg",55),(NULL,"13/9.jpg",55),
(NULL,"15/1.jpg",56),(NULL,"15/2.jpg",56),(NULL,"15/3.jpg",56),(NULL,"15/4.jpg",56),
(NULL,"15/5.jpg",56),(NULL,"15/5.jpg",56),(NULL,"15/7.jpg",56),(NULL,"15/8.jpg",56),(NULL,"15/9.jpg",56),
(NULL,"15/1.jpg",57),(NULL,"15/2.jpg",57),(NULL,"15/3.jpg",57),(NULL,"15/4.jpg",57),
(NULL,"15/5.jpg",57),(NULL,"15/5.jpg",57),(NULL,"15/7.jpg",57),(NULL,"15/8.jpg",57),(NULL,"15/9.jpg",57),
(NULL,"15/1.jpg",58),(NULL,"15/2.jpg",58),(NULL,"15/3.jpg",58),(NULL,"15/4.jpg",58),
(NULL,"15/5.jpg",58),(NULL,"15/5.jpg",58),(NULL,"15/7.jpg",58),(NULL,"15/8.jpg",58),(NULL,"15/9.jpg",58),
(NULL,"13/1.jpg",59),(NULL,"13/2.jpg",59),(NULL,"13/3.jpg",59),(NULL,"13/4.jpg",59),
(NULL,"13/5.jpg",59),(NULL,"13/5.jpg",59),(NULL,"13/7.jpg",59),(NULL,"13/8.jpg",59),(NULL,"13/9.jpg",59),
(NULL,"14/1.jpg",60),(NULL,"14/2.jpg",60),(NULL,"14/3.jpg",60),(NULL,"14/4.jpg",60),
(NULL,"14/5.jpg",60),(NULL,"14/5.jpg",60),(NULL,"14/7.jpg",60),(NULL,"14/8.jpg",60),(NULL,"14/9.jpg",60),
(NULL,"14/1.jpg",61),(NULL,"14/2.jpg",61),(NULL,"14/3.jpg",61),(NULL,"14/4.jpg",61),
(NULL,"14/5.jpg",61),(NULL,"14/5.jpg",61),(NULL,"14/7.jpg",61),(NULL,"14/8.jpg",61),(NULL,"14/9.jpg",61),
(NULL,"15/1.jpg",62),(NULL,"15/2.jpg",62),(NULL,"15/3.jpg",62),(NULL,"15/4.jpg",62),
(NULL,"15/5.jpg",62),(NULL,"15/5.jpg",62),(NULL,"15/7.jpg",62),(NULL,"15/8.jpg",62),(NULL,"15/9.jpg",62),
(NULL,"16/1.jpg",63),(NULL,"16/2.jpg",63),(NULL,"16/3.jpg",63),(NULL,"16/4.jpg",63),
(NULL,"16/5.jpg",63),(NULL,"16/5.jpg",63),(NULL,"16/7.jpg",63),(NULL,"16/8.jpg",63),(NULL,"16/9.jpg",63),
(NULL,"15/1.jpg",64),(NULL,"15/2.jpg",64),(NULL,"15/3.jpg",64),(NULL,"15/4.jpg",64),
(NULL,"15/5.jpg",64),(NULL,"15/5.jpg",64),(NULL,"15/7.jpg",64),(NULL,"15/8.jpg",64),(NULL,"15/9.jpg",64),
(NULL,"16/1.jpg",65),(NULL,"16/2.jpg",65),(NULL,"16/3.jpg",65),(NULL,"16/4.jpg",65),
(NULL,"16/5.jpg",65),(NULL,"16/5.jpg",65),(NULL,"16/7.jpg",65),(NULL,"16/8.jpg",65),(NULL,"16/9.jpg",65),
(NULL,"13/1.jpg",66),(NULL,"13/2.jpg",66),(NULL,"13/3.jpg",66),(NULL,"13/4.jpg",66),
(NULL,"13/5.jpg",66),(NULL,"13/5.jpg",66),(NULL,"13/7.jpg",66),(NULL,"13/8.jpg",66),(NULL,"13/9.jpg",66),
(NULL,"16/1.jpg",67),(NULL,"16/2.jpg",67),(NULL,"16/3.jpg",67),(NULL,"16/4.jpg",67),
(NULL,"16/5.jpg",67),(NULL,"16/5.jpg",67),(NULL,"16/7.jpg",67),(NULL,"16/8.jpg",67),(NULL,"16/9.jpg",67),
(NULL,"19/1.jpg",68),(NULL,"19/2.jpg",68),(NULL,"19/3.jpg",68),(NULL,"19/4.jpg",68),
(NULL,"19/5.jpg",68),(NULL,"19/5.jpg",68),(NULL,"19/7.jpg",68),(NULL,"19/8.jpg",68),(NULL,"19/9.jpg",68),
(NULL,"19/1.jpg",69),(NULL,"19/2.jpg",69),(NULL,"19/3.jpg",69),(NULL,"19/4.jpg",69),
(NULL,"19/5.jpg",69),(NULL,"19/5.jpg",69),(NULL,"19/7.jpg",69),(NULL,"19/8.jpg",69),(NULL,"19/9.jpg",69),
(NULL,"20/1.jpg",70),(NULL,"20/2.jpg",70),(NULL,"20/3.jpg",70),(NULL,"20/4.jpg",70),
(NULL,"20/5.jpg",70),(NULL,"20/5.jpg",70),(NULL,"20/7.jpg",70),(NULL,"20/8.jpg",70),(NULL,"20/9.jpg",70),
(NULL,"18/1.jpg",71),(NULL,"18/2.jpg",71),(NULL,"18/3.jpg",71),(NULL,"18/4.jpg",71),
(NULL,"18/5.jpg",71),(NULL,"18/5.jpg",71),(NULL,"18/7.jpg",71),(NULL,"18/8.jpg",71),(NULL,"18/9.jpg",71),
(NULL,"17/1.jpg",72),(NULL,"17/2.jpg",72),(NULL,"17/3.jpg",72),(NULL,"17/4.jpg",72),
(NULL,"17/5.jpg",72),(NULL,"17/5.jpg",72),(NULL,"17/7.jpg",72),(NULL,"17/8.jpg",72),(NULL,"17/9.jpg",72),
(NULL,"17/1.jpg",73),(NULL,"17/2.jpg",73),(NULL,"17/3.jpg",73),(NULL,"17/4.jpg",73),
(NULL,"17/5.jpg",73),(NULL,"17/5.jpg",73),(NULL,"17/7.jpg",73),(NULL,"17/8.jpg",73),(NULL,"17/9.jpg",73),
(NULL,"17/1.jpg",74),(NULL,"17/2.jpg",74),(NULL,"17/3.jpg",74),(NULL,"17/4.jpg",74),
(NULL,"17/5.jpg",74),(NULL,"17/5.jpg",74),(NULL,"17/7.jpg",74),(NULL,"17/8.jpg",74),(NULL,"17/9.jpg",74),
(NULL,"17/1.jpg",75),(NULL,"17/2.jpg",75),(NULL,"17/3.jpg",75),(NULL,"17/4.jpg",75),
(NULL,"17/5.jpg",75),(NULL,"17/5.jpg",75),(NULL,"17/7.jpg",75),(NULL,"17/8.jpg",75),(NULL,"17/9.jpg",75),
(NULL,"20/1.jpg",76),(NULL,"20/2.jpg",76),(NULL,"20/3.jpg",76),(NULL,"20/4.jpg",76),
(NULL,"20/5.jpg",76),(NULL,"20/5.jpg",76),(NULL,"20/7.jpg",76),(NULL,"20/8.jpg",76),(NULL,"20/9.jpg",76),
(NULL,"19/1.jpg",77),(NULL,"19/2.jpg",77),(NULL,"19/3.jpg",77),(NULL,"19/4.jpg",77),
(NULL,"19/5.jpg",77),(NULL,"19/5.jpg",77),(NULL,"19/7.jpg",77),(NULL,"19/8.jpg",77),(NULL,"19/9.jpg",77),
(NULL,"20/1.jpg",78),(NULL,"20/2.jpg",78),(NULL,"20/3.jpg",78),(NULL,"20/4.jpg",78),
(NULL,"20/5.jpg",78),(NULL,"20/5.jpg",78),(NULL,"20/7.jpg",78),(NULL,"20/8.jpg",78),(NULL,"20/9.jpg",78),
(NULL,"25/1.jpg",79),(NULL,"25/2.jpg",79),(NULL,"25/3.jpg",79),(NULL,"25/4.jpg",79),
(NULL,"25/5.jpg",79),(NULL,"25/5.jpg",79),(NULL,"25/7.jpg",79),(NULL,"25/8.jpg",79),(NULL,"25/9.jpg",79),
(NULL,"22/1.jpg",80),(NULL,"22/2.jpg",80),(NULL,"22/3.jpg",80),(NULL,"22/4.jpg",80),
(NULL,"22/5.jpg",80),(NULL,"22/5.jpg",80),(NULL,"22/7.jpg",80),(NULL,"22/8.jpg",80),(NULL,"22/9.jpg",80),
(NULL,"24/1.jpg",81),(NULL,"24/2.jpg",81),(NULL,"24/3.jpg",81),(NULL,"24/4.jpg",81),
(NULL,"24/5.jpg",81),(NULL,"24/5.jpg",81),(NULL,"24/7.jpg",81),(NULL,"24/8.jpg",81),(NULL,"24/9.jpg",81),
(NULL,"22/1.jpg",82),(NULL,"22/2.jpg",82),(NULL,"22/3.jpg",82),(NULL,"22/4.jpg",82),
(NULL,"22/5.jpg",82),(NULL,"22/5.jpg",82),(NULL,"22/7.jpg",82),(NULL,"22/8.jpg",82),(NULL,"22/9.jpg",82),
(NULL,"23/1.jpg",83),(NULL,"23/2.jpg",83),(NULL,"23/3.jpg",83),(NULL,"23/4.jpg",83),
(NULL,"23/5.jpg",83),(NULL,"23/5.jpg",83),(NULL,"23/7.jpg",83),(NULL,"23/8.jpg",83),(NULL,"23/9.jpg",83),
(NULL,"25/1.jpg",84),(NULL,"25/2.jpg",84),(NULL,"25/3.jpg",84),(NULL,"25/4.jpg",84),
(NULL,"25/5.jpg",84),(NULL,"25/5.jpg",84),(NULL,"25/7.jpg",84),(NULL,"25/8.jpg",84),(NULL,"25/9.jpg",84),
(NULL,"21/1.jpg",85),(NULL,"21/2.jpg",85),(NULL,"21/3.jpg",85),(NULL,"21/4.jpg",85),
(NULL,"21/5.jpg",85),(NULL,"21/5.jpg",85),(NULL,"21/7.jpg",85),(NULL,"21/8.jpg",85),(NULL,"21/9.jpg",85),
(NULL,"24/1.jpg",86),(NULL,"24/2.jpg",86),(NULL,"24/3.jpg",86),(NULL,"24/4.jpg",86),
(NULL,"24/5.jpg",86),(NULL,"24/5.jpg",86),(NULL,"24/7.jpg",86),(NULL,"24/8.jpg",86),(NULL,"24/9.jpg",86),
(NULL,"22/1.jpg",87),(NULL,"22/2.jpg",87),(NULL,"22/3.jpg",87),(NULL,"22/4.jpg",87),
(NULL,"22/5.jpg",87),(NULL,"22/5.jpg",87),(NULL,"22/7.jpg",87),(NULL,"22/8.jpg",87),(NULL,"22/9.jpg",87),
(NULL,"25/1.jpg",88),(NULL,"25/2.jpg",88),(NULL,"25/3.jpg",88),(NULL,"25/4.jpg",88),
(NULL,"25/5.jpg",88),(NULL,"25/5.jpg",88),(NULL,"25/7.jpg",88),(NULL,"25/8.jpg",88),(NULL,"25/9.jpg",88),
(NULL,"23/1.jpg",89),(NULL,"23/2.jpg",89),(NULL,"23/3.jpg",89),(NULL,"23/4.jpg",89),
(NULL,"23/5.jpg",89),(NULL,"23/5.jpg",89),(NULL,"23/7.jpg",89),(NULL,"23/8.jpg",89),(NULL,"23/9.jpg",89),
(NULL,"21/1.jpg",90),(NULL,"21/2.jpg",90),(NULL,"21/3.jpg",90),(NULL,"21/4.jpg",90),
(NULL,"21/5.jpg",90),(NULL,"21/5.jpg",90),(NULL,"21/7.jpg",90),(NULL,"21/8.jpg",90),(NULL,"21/9.jpg",90),
(NULL,"27/1.jpg",91),(NULL,"27/2.jpg",91),(NULL,"27/3.jpg",91),(NULL,"27/4.jpg",91),
(NULL,"27/5.jpg",91),(NULL,"27/5.jpg",91),(NULL,"27/7.jpg",91),(NULL,"27/8.jpg",91),(NULL,"27/9.jpg",91),
(NULL,"29/1.jpg",92),(NULL,"29/2.jpg",92),(NULL,"29/3.jpg",92),(NULL,"29/4.jpg",92),
(NULL,"29/5.jpg",92),(NULL,"29/5.jpg",92),(NULL,"29/7.jpg",92),(NULL,"29/8.jpg",92),(NULL,"29/9.jpg",92),
(NULL,"27/1.jpg",93),(NULL,"27/2.jpg",93),(NULL,"27/3.jpg",93),(NULL,"27/4.jpg",93),
(NULL,"27/5.jpg",93),(NULL,"27/5.jpg",93),(NULL,"27/7.jpg",93),(NULL,"27/8.jpg",93),(NULL,"27/9.jpg",93),
(NULL,"27/1.jpg",95),(NULL,"27/2.jpg",95),(NULL,"27/3.jpg",95),(NULL,"27/4.jpg",95),
(NULL,"27/5.jpg",95),(NULL,"27/5.jpg",95),(NULL,"27/7.jpg",95),(NULL,"27/8.jpg",95),(NULL,"27/9.jpg",95),
(NULL,"27/1.jpg",95),(NULL,"27/2.jpg",95),(NULL,"27/3.jpg",95),(NULL,"27/4.jpg",95),
(NULL,"27/5.jpg",95),(NULL,"27/5.jpg",95),(NULL,"27/7.jpg",95),(NULL,"27/8.jpg",95),(NULL,"27/9.jpg",95),
(NULL,"26/1.jpg",96),(NULL,"26/2.jpg",96),(NULL,"26/3.jpg",96),(NULL,"26/4.jpg",96),
(NULL,"26/5.jpg",96),(NULL,"26/5.jpg",96),(NULL,"26/7.jpg",96),(NULL,"26/8.jpg",96),(NULL,"26/9.jpg",96),
(NULL,"28/1.jpg",97),(NULL,"28/2.jpg",97),(NULL,"28/3.jpg",97),(NULL,"28/4.jpg",97),
(NULL,"28/5.jpg",97),(NULL,"28/5.jpg",97),(NULL,"28/7.jpg",97),(NULL,"28/8.jpg",97),(NULL,"28/9.jpg",97),
(NULL,"29/1.jpg",98),(NULL,"29/2.jpg",98),(NULL,"29/3.jpg",98),(NULL,"29/4.jpg",98),
(NULL,"29/5.jpg",98),(NULL,"29/5.jpg",98),(NULL,"29/7.jpg",98),(NULL,"29/8.jpg",98),(NULL,"29/9.jpg",98),
(NULL,"28/1.jpg",99),(NULL,"28/2.jpg",99),(NULL,"28/3.jpg",99),(NULL,"28/4.jpg",99),
(NULL,"28/5.jpg",99),(NULL,"28/5.jpg",99),(NULL,"28/7.jpg",99),(NULL,"28/8.jpg",99),(NULL,"28/9.jpg",99),
(NULL,"36/1.jpg",100),(NULL,"36/2.jpg",100),(NULL,"36/3.jpg",100),(NULL,"36/4.jpg",100),
(NULL,"36/5.jpg",100),(NULL,"36/5.jpg",100),(NULL,"36/7.jpg",100),(NULL,"36/8.jpg",100),(NULL,"36/9.jpg",100),
(NULL,"26/1.jpg",101),(NULL,"26/2.jpg",101),(NULL,"26/3.jpg",101),(NULL,"26/4.jpg",101),
(NULL,"26/5.jpg",101),(NULL,"26/5.jpg",101),(NULL,"26/7.jpg",101),(NULL,"26/8.jpg",101),(NULL,"26/9.jpg",101),
(NULL,"26/1.jpg",102),(NULL,"26/2.jpg",102),(NULL,"26/3.jpg",102),(NULL,"26/4.jpg",102),
(NULL,"26/5.jpg",102),(NULL,"26/5.jpg",102),(NULL,"26/7.jpg",102),(NULL,"26/8.jpg",102),(NULL,"26/9.jpg",102),
(NULL,"36/1.jpg",103),(NULL,"36/2.jpg",103),(NULL,"36/3.jpg",103),(NULL,"36/4.jpg",103),
(NULL,"36/5.jpg",103),(NULL,"36/5.jpg",103),(NULL,"36/7.jpg",103),(NULL,"36/8.jpg",103),(NULL,"36/9.jpg",103),
(NULL,"30/1.jpg",104),(NULL,"30/2.jpg",104),(NULL,"30/3.jpg",104),(NULL,"30/4.jpg",104),
(NULL,"30/5.jpg",104),(NULL,"30/5.jpg",104),(NULL,"30/7.jpg",104),(NULL,"30/8.jpg",104),(NULL,"30/9.jpg",104),
(NULL,"30/1.jpg",105),(NULL,"30/2.jpg",105),(NULL,"30/3.jpg",105),(NULL,"30/4.jpg",105),
(NULL,"30/5.jpg",105),(NULL,"30/5.jpg",105),(NULL,"30/7.jpg",105),(NULL,"30/8.jpg",105),(NULL,"30/9.jpg",105),
(NULL,"30/1.jpg",106),(NULL,"30/2.jpg",106),(NULL,"30/3.jpg",106),(NULL,"30/4.jpg",106),
(NULL,"30/5.jpg",106),(NULL,"30/5.jpg",106),(NULL,"30/7.jpg",106),(NULL,"30/8.jpg",106),(NULL,"30/9.jpg",106),
(NULL,"31/1.jpg",107),(NULL,"31/2.jpg",107),(NULL,"31/3.jpg",107),(NULL,"31/4.jpg",107),
(NULL,"31/5.jpg",107),(NULL,"31/5.jpg",107),(NULL,"31/7.jpg",107),(NULL,"31/8.jpg",107),(NULL,"31/9.jpg",107),
(NULL,"31/1.jpg",108),(NULL,"31/2.jpg",108),(NULL,"31/3.jpg",108),(NULL,"31/4.jpg",108),
(NULL,"31/5.jpg",108),(NULL,"31/5.jpg",108),(NULL,"31/7.jpg",108),(NULL,"31/8.jpg",108),(NULL,"31/9.jpg",108),
(NULL,"31/1.jpg",109),(NULL,"31/2.jpg",109),(NULL,"31/3.jpg",109),(NULL,"31/4.jpg",109),
(NULL,"31/5.jpg",109),(NULL,"31/5.jpg",109),(NULL,"31/7.jpg",109),(NULL,"31/8.jpg",109),(NULL,"31/9.jpg",109),
(NULL,"31/1.jpg",110),(NULL,"31/2.jpg",110),(NULL,"31/3.jpg",110),(NULL,"31/4.jpg",110),
(NULL,"31/5.jpg",110),(NULL,"31/5.jpg",110),(NULL,"31/7.jpg",110),(NULL,"31/8.jpg",110),(NULL,"31/9.jpg",110),
(NULL,"30/1.jpg",111),(NULL,"30/2.jpg",111),(NULL,"30/3.jpg",111),(NULL,"30/4.jpg",111),
(NULL,"30/5.jpg",111),(NULL,"30/5.jpg",111),(NULL,"30/7.jpg",111),(NULL,"30/8.jpg",111),(NULL,"30/9.jpg",111),
(NULL,"31/1.jpg",112),(NULL,"31/2.jpg",112),(NULL,"31/3.jpg",112),(NULL,"31/4.jpg",112),
(NULL,"31/5.jpg",112),(NULL,"31/5.jpg",112),(NULL,"31/7.jpg",112),(NULL,"31/8.jpg",112),(NULL,"31/9.jpg",112),
(NULL,"33/1.jpg",113),(NULL,"33/2.jpg",113),(NULL,"33/3.jpg",113),(NULL,"33/4.jpg",113),
(NULL,"33/5.jpg",113),(NULL,"33/5.jpg",113),(NULL,"33/7.jpg",113),(NULL,"33/8.jpg",113),(NULL,"33/9.jpg",113),
(NULL,"33/1.jpg",114),(NULL,"33/2.jpg",114),(NULL,"33/3.jpg",114),(NULL,"33/4.jpg",114),
(NULL,"33/5.jpg",114),(NULL,"33/5.jpg",114),(NULL,"33/7.jpg",114),(NULL,"33/8.jpg",114),(NULL,"33/9.jpg",114),
(NULL,"32/1.jpg",115),(NULL,"32/2.jpg",115),(NULL,"32/3.jpg",115),(NULL,"32/4.jpg",115),
(NULL,"32/5.jpg",115),(NULL,"32/5.jpg",115),(NULL,"32/7.jpg",115),(NULL,"32/8.jpg",115),(NULL,"32/9.jpg",115),
(NULL,"32/1.jpg",116),(NULL,"32/2.jpg",116),(NULL,"32/3.jpg",116),(NULL,"32/4.jpg",116),
(NULL,"32/5.jpg",116),(NULL,"32/5.jpg",116),(NULL,"32/7.jpg",116),(NULL,"32/8.jpg",116),(NULL,"32/9.jpg",116),
(NULL,"32/1.jpg",117),(NULL,"32/2.jpg",117),(NULL,"32/3.jpg",117),(NULL,"32/4.jpg",117),
(NULL,"32/5.jpg",117),(NULL,"32/5.jpg",117),(NULL,"32/7.jpg",117),(NULL,"32/8.jpg",117),(NULL,"32/9.jpg",117),
(NULL,"34/1.jpg",118),(NULL,"34/2.jpg",118),(NULL,"34/3.jpg",118),(NULL,"34/4.jpg",118),
(NULL,"34/5.jpg",118),(NULL,"34/5.jpg",118),(NULL,"34/7.jpg",118),(NULL,"34/8.jpg",118),(NULL,"34/9.jpg",118),
(NULL,"33/1.jpg",119),(NULL,"33/2.jpg",119),(NULL,"33/3.jpg",119),(NULL,"33/4.jpg",119),
(NULL,"33/5.jpg",119),(NULL,"33/5.jpg",119),(NULL,"33/7.jpg",119),(NULL,"33/8.jpg",119),(NULL,"33/9.jpg",119),
(NULL,"34/1.jpg",120),(NULL,"34/2.jpg",120),(NULL,"34/3.jpg",120),(NULL,"34/4.jpg",120),
(NULL,"34/5.jpg",120),(NULL,"34/5.jpg",120),(NULL,"34/7.jpg",120),(NULL,"34/8.jpg",120),(NULL,"34/9.jpg",120),
(NULL,"33/1.jpg",121),(NULL,"33/2.jpg",121),(NULL,"33/3.jpg",121),(NULL,"33/4.jpg",121),
(NULL,"33/5.jpg",121),(NULL,"33/5.jpg",121),(NULL,"33/7.jpg",121),(NULL,"33/8.jpg",121),(NULL,"33/9.jpg",121),
(NULL,"33/1.jpg",122),(NULL,"33/2.jpg",122),(NULL,"33/3.jpg",122),(NULL,"33/4.jpg",122),
(NULL,"33/5.jpg",122),(NULL,"33/5.jpg",122),(NULL,"33/7.jpg",122),(NULL,"33/8.jpg",122),(NULL,"33/9.jpg",122),
(NULL,"32/1.jpg",123),(NULL,"32/2.jpg",123),(NULL,"32/3.jpg",123),(NULL,"32/4.jpg",123),
(NULL,"32/5.jpg",123),(NULL,"32/5.jpg",123),(NULL,"32/7.jpg",123),(NULL,"32/8.jpg",123),(NULL,"32/9.jpg",123),
(NULL,"35/1.jpg",124),(NULL,"35/2.jpg",124),(NULL,"35/3.jpg",124),(NULL,"35/4.jpg",124),
(NULL,"35/5.jpg",124),(NULL,"35/5.jpg",124),(NULL,"35/7.jpg",124),(NULL,"35/8.jpg",124),(NULL,"35/9.jpg",124),
(NULL,"35/1.jpg",125),(NULL,"35/2.jpg",125),(NULL,"35/3.jpg",125),(NULL,"35/4.jpg",125),
(NULL,"35/5.jpg",125),(NULL,"35/5.jpg",125),(NULL,"35/7.jpg",125),(NULL,"35/8.jpg",125),(NULL,"35/9.jpg",125),
(NULL,"38/1.jpg",126),(NULL,"38/2.jpg",126),(NULL,"38/3.jpg",126),(NULL,"38/4.jpg",126),
(NULL,"38/5.jpg",126),(NULL,"38/5.jpg",126),(NULL,"38/7.jpg",126),(NULL,"38/8.jpg",126),(NULL,"38/9.jpg",126),
(NULL,"37/1.jpg",127),(NULL,"37/2.jpg",127),(NULL,"37/3.jpg",127),(NULL,"37/4.jpg",127),
(NULL,"37/5.jpg",127),(NULL,"37/5.jpg",127),(NULL,"37/7.jpg",127),(NULL,"37/8.jpg",127),(NULL,"37/9.jpg",127),
(NULL,"37/1.jpg",128),(NULL,"37/2.jpg",128),(NULL,"37/3.jpg",128),(NULL,"37/4.jpg",128),
(NULL,"37/5.jpg",128),(NULL,"37/5.jpg",128),(NULL,"37/7.jpg",128),(NULL,"37/8.jpg",128),(NULL,"37/9.jpg",128),
(NULL,"37/1.jpg",129),(NULL,"37/2.jpg",129),(NULL,"37/3.jpg",129),(NULL,"37/4.jpg",129),
(NULL,"37/5.jpg",129),(NULL,"37/5.jpg",129),(NULL,"37/7.jpg",129),(NULL,"37/8.jpg",129),(NULL,"37/9.jpg",129),
(NULL,"38/1.jpg",130),(NULL,"38/2.jpg",130),(NULL,"38/3.jpg",130),(NULL,"38/4.jpg",130),
(NULL,"38/5.jpg",130),(NULL,"38/5.jpg",130),(NULL,"38/7.jpg",130),(NULL,"38/8.jpg",130),(NULL,"38/9.jpg",130),
(NULL,"38/1.jpg",131),(NULL,"38/2.jpg",131),(NULL,"38/3.jpg",131),(NULL,"38/4.jpg",131),
(NULL,"38/5.jpg",131),(NULL,"38/5.jpg",131),(NULL,"38/7.jpg",131),(NULL,"38/8.jpg",131),(NULL,"38/9.jpg",131),
(NULL,"39/1.jpg",132),(NULL,"39/2.jpg",132),(NULL,"39/3.jpg",132),(NULL,"39/4.jpg",132),
(NULL,"39/5.jpg",132),(NULL,"39/5.jpg",132),(NULL,"39/7.jpg",132),(NULL,"39/8.jpg",132),(NULL,"39/9.jpg",132),
(NULL,"42/1.jpg",133),(NULL,"42/2.jpg",133),(NULL,"42/3.jpg",133),(NULL,"42/4.jpg",133),
(NULL,"42/5.jpg",133),(NULL,"42/5.jpg",133),(NULL,"42/7.jpg",133),(NULL,"42/8.jpg",133),(NULL,"42/9.jpg",133),
(NULL,"43/1.jpg",134),(NULL,"43/2.jpg",134),(NULL,"43/3.jpg",134),(NULL,"43/4.jpg",134),
(NULL,"43/5.jpg",134),(NULL,"43/5.jpg",134),(NULL,"43/7.jpg",134),(NULL,"43/8.jpg",134),(NULL,"43/9.jpg",134),
(NULL,"43/1.jpg",135),(NULL,"43/2.jpg",135),(NULL,"43/3.jpg",135),(NULL,"43/4.jpg",135),
(NULL,"43/5.jpg",135),(NULL,"43/5.jpg",135),(NULL,"43/7.jpg",135),(NULL,"43/8.jpg",135),(NULL,"43/9.jpg",135),
(NULL,"42/1.jpg",136),(NULL,"42/2.jpg",136),(NULL,"42/3.jpg",136),(NULL,"42/4.jpg",136),
(NULL,"42/5.jpg",136),(NULL,"42/5.jpg",136),(NULL,"42/7.jpg",136),(NULL,"42/8.jpg",136),(NULL,"42/9.jpg",136),
(NULL,"40/1.jpg",137),(NULL,"40/2.jpg",137),(NULL,"40/3.jpg",137),(NULL,"40/4.jpg",137),
(NULL,"40/5.jpg",137),(NULL,"40/5.jpg",137),(NULL,"40/7.jpg",137),(NULL,"40/8.jpg",137),(NULL,"40/9.jpg",137),
(NULL,"40/1.jpg",138),(NULL,"40/2.jpg",138),(NULL,"40/3.jpg",138),(NULL,"40/4.jpg",138),
(NULL,"40/5.jpg",138),(NULL,"40/5.jpg",138),(NULL,"40/7.jpg",138),(NULL,"40/8.jpg",138),(NULL,"40/9.jpg",138),
(NULL,"42/1.jpg",139),(NULL,"42/2.jpg",139),(NULL,"42/3.jpg",139),(NULL,"42/4.jpg",139),
(NULL,"42/5.jpg",139),(NULL,"42/5.jpg",139),(NULL,"42/7.jpg",139),(NULL,"42/8.jpg",139),(NULL,"42/9.jpg",139),
(NULL,"41/1.jpg",140),(NULL,"41/2.jpg",140),(NULL,"41/3.jpg",140),(NULL,"41/4.jpg",140),
(NULL,"41/5.jpg",140),(NULL,"41/5.jpg",140),(NULL,"41/7.jpg",140),(NULL,"41/8.jpg",140),(NULL,"41/9.jpg",140),
(NULL,"41/1.jpg",141),(NULL,"41/2.jpg",141),(NULL,"41/3.jpg",141),(NULL,"41/4.jpg",141),
(NULL,"41/5.jpg",141),(NULL,"41/5.jpg",141),(NULL,"41/7.jpg",141),(NULL,"41/8.jpg",141),(NULL,"41/9.jpg",141),
(NULL,"41/1.jpg",142),(NULL,"41/2.jpg",142),(NULL,"41/3.jpg",142),(NULL,"41/4.jpg",142),
(NULL,"41/5.jpg",142),(NULL,"41/5.jpg",142),(NULL,"41/7.jpg",142),(NULL,"41/8.jpg",142),(NULL,"41/9.jpg",142),
(NULL,"41/1.jpg",143),(NULL,"41/2.jpg",143),(NULL,"41/3.jpg",143),(NULL,"41/4.jpg",143),
(NULL,"41/5.jpg",143),(NULL,"41/5.jpg",143),(NULL,"41/7.jpg",143),(NULL,"41/8.jpg",143),(NULL,"41/9.jpg",143),
(NULL,"41/1.jpg",144),(NULL,"41/2.jpg",144),(NULL,"41/3.jpg",144),(NULL,"41/4.jpg",144),
(NULL,"41/5.jpg",144),(NULL,"41/5.jpg",144),(NULL,"41/7.jpg",144),(NULL,"41/8.jpg",144),(NULL,"41/9.jpg",144),
(NULL,"41/1.jpg",145),(NULL,"41/2.jpg",145),(NULL,"41/3.jpg",145),(NULL,"41/4.jpg",145),
(NULL,"41/5.jpg",145),(NULL,"41/5.jpg",145),(NULL,"41/7.jpg",145),(NULL,"41/8.jpg",145),(NULL,"41/9.jpg",145),
(NULL,"43/1.jpg",146),(NULL,"43/2.jpg",146),(NULL,"43/3.jpg",146),(NULL,"43/4.jpg",146),
(NULL,"43/5.jpg",146),(NULL,"43/5.jpg",146),(NULL,"43/7.jpg",146),(NULL,"43/8.jpg",146),(NULL,"43/9.jpg",146),
(NULL,"43/1.jpg",147),(NULL,"43/2.jpg",147),(NULL,"43/3.jpg",147),(NULL,"43/4.jpg",147),
(NULL,"43/5.jpg",147),(NULL,"43/5.jpg",147),(NULL,"43/7.jpg",147),(NULL,"43/8.jpg",147),(NULL,"43/9.jpg",147),
(NULL,"42/1.jpg",148),(NULL,"42/2.jpg",148),(NULL,"42/3.jpg",148),(NULL,"42/4.jpg",148),
(NULL,"42/5.jpg",148),(NULL,"42/5.jpg",148),(NULL,"42/7.jpg",148),(NULL,"42/8.jpg",148),(NULL,"42/9.jpg",148),
(NULL,"43/1.jpg",149),(NULL,"43/2.jpg",149),(NULL,"43/3.jpg",149),(NULL,"43/4.jpg",149),
(NULL,"43/5.jpg",149),(NULL,"43/5.jpg",149),(NULL,"43/7.jpg",149),(NULL,"43/8.jpg",149),(NULL,"43/9.jpg",149),
(NULL,"41/1.jpg",150),(NULL,"41/2.jpg",150),(NULL,"41/3.jpg",150),(NULL,"41/4.jpg",150),
(NULL,"41/5.jpg",150),(NULL,"41/5.jpg",150),(NULL,"41/7.jpg",150),(NULL,"41/8.jpg",150),(NULL,"41/9.jpg",150),
(NULL,"43/1.jpg",152),(NULL,"43/2.jpg",152),(NULL,"43/3.jpg",152),(NULL,"43/4.jpg",152),
(NULL,"43/5.jpg",152),(NULL,"43/5.jpg",152),(NULL,"43/7.jpg",152),(NULL,"43/8.jpg",152),(NULL,"43/9.jpg",152),
(NULL,"43/1.jpg",153),(NULL,"43/2.jpg",153),(NULL,"43/3.jpg",153),(NULL,"43/4.jpg",153),
(NULL,"43/5.jpg",153),(NULL,"43/5.jpg",153),(NULL,"43/7.jpg",153),(NULL,"43/8.jpg",153),(NULL,"43/9.jpg",153),
(NULL,"46/1.jpg",154),(NULL,"46/2.jpg",154),(NULL,"46/3.jpg",154),(NULL,"46/4.jpg",154),
(NULL,"46/5.jpg",154),(NULL,"46/5.jpg",154),(NULL,"46/7.jpg",154),(NULL,"46/8.jpg",154),(NULL,"46/9.jpg",154),
(NULL,"45/1.jpg",155),(NULL,"45/2.jpg",155),(NULL,"45/3.jpg",155),(NULL,"45/4.jpg",155),
(NULL,"45/5.jpg",155),(NULL,"45/5.jpg",155),(NULL,"45/7.jpg",155),(NULL,"45/8.jpg",155),(NULL,"45/9.jpg",155),
(NULL,"44/1.jpg",156),(NULL,"44/2.jpg",156),(NULL,"44/3.jpg",156),(NULL,"44/4.jpg",156),
(NULL,"44/5.jpg",156),(NULL,"44/5.jpg",156),(NULL,"44/7.jpg",156),(NULL,"44/8.jpg",156),(NULL,"44/9.jpg",156),
(NUll,"1.png",157),(NUll,"1.png",158),(NUll,"2.png",158),(NUll,"1.png",159),(NUll,"2.jpg",159),
(NUll,"1.png",160),(NUll,"2.png",160),(NUll,"1.png",161),(NUll,"2.png",161),(NUll,"3.png",161),
(NUll,"1.png",162),(NUll,"2.png",162),(NUll,"3.png",162),(NUll,"4.png",162),(NUll,"5.png",162),
(NUll,"1.png",163),(NUll,"2.png",163),(NUll,"3.png",163),(NUll,"4.png",163),
(NUll,"1.png",164),(NUll,"2.jpg",164),(NUll,"3.jpg",164),
(NUll,"1.png",165),(NUll,"2.png",165),(NUll,"3.png",165),(NUll,"4.png",165),(NUll,"5.png",165),(NUll,"6.png",165),
(NUll,"1.png",166),(NUll,"2.png",166),(NUll,"3.png",166),(NUll,"4.png",166),(NUll,"5.png",166),(NUll,"6.png",166),
(NUll,"1.png",167),(NUll,"2.png",167),(NUll,"3.png",167),(NUll,"4.png",167),(NUll,"5.png",167),(NUll,"6.png",167),
(NUll,"1.png",168),(NUll,"2.png",168),(NUll,"3.png",168),(NUll,"4.png",168),(NUll,"5.png",168),(NUll,"6.png",168),
(NUll,"1.png",169),(NUll,"2.png",169),(NUll,"3.png",169),(NUll,"4.png",169),(NUll,"5.png",169),(NUll,"6.png",169),
(NUll,"1.png",170),(NUll,"2.png",170),(NUll,"3.png",170),(NUll,"4.png",170),(NUll,"5.png",170),(NUll,"6.png",170),
(NUll,"1.png",171),(NUll,"2.jpg",171),(NUll,"3.jpg",171),(NUll,"1.png",172),(NUll,"2.jpg",172),(NUll,"3.jpg",172),
(NUll,"1.png",173),(NUll,"2.jpg",173),(NUll,"3.jpg",173),(NUll,"1.png",174),(NUll,"2.jpg",174),(NUll,"3.jpg",174),
(NUll,"1.png",175),(NUll,"1.png",176),(NUll,"2.jpg",176),(NUll,"1.png",177),(NUll,"2.jpg",177);



-- user  ------------------------------------------------------------------

/*用户信息*/
CREATE TABLE aifou_user
(
    uid INT PRIMARY KEY AUTO_INCREMENT,
    uname VARCHAR(12),
    upwd VARCHAR(16)
);
INSERT INTO aifou_user
VALUES(NULL,"admin","admin"),
(NULL,"00000","00000"),
(NULL,"11111","11111"),
(NULL,"22222","22222"),
(NULL,"33333","33333"),
(NULL,"44444","44444"),
(NULL,"55555","55555"),
(NULL,"66666","66666"),
(NULL,"77777","77777"),
(NULL,"88888","88888"),
(NULL,"99999","99999");

/*购物车*/
CREATE TABLE aifou_shop
(
    sid INT PRIMARY KEY AUTO_INCREMENT,
    sum TINYINT,/*0~255*/
    star BIGINT,
    en BIGINT,
    uid INT,
    pid INT,
    FOREIGN KEY(uid) REFERENCES aifou_user(uid),
    FOREIGN KEY(pid) REFERENCES list_head(pid)
);
-- INSERT INTO aifou_shop
-- VALUES(NULL,1,15135042000000,15135060000000,1,16),
-- (NULL,1,15135042000000,15135060000000,2,18),
-- (NULL,1,15135042000000,15135060000000,3,15),
-- (NULL,1,15135042000000,15135060000000,2,19),
-- (NULL,1,15135042000000,15135060000000,1,17),
-- (NULL,1,15135042000000,15135060000000,1,157);
/*购买订单*/
CREATE TABLE aifou_pay
(
    yid INT PRIMARY KEY AUTO_INCREMENT,
    sums VARCHAR(500),
    pids VARCHAR(500),
    now BIGINT,
    uid INT,
    FOREIGN KEY(uid) REFERENCES aifou_user(uid)
);